Event,Country,First RunYYYY MM DD,Next AnniversaryYYYY MM DD,Anniversary Number
Eastbourne junior parkrun,United Kingdom,2018-03-25,2025-03-23,7
Gnoll junior parkrun,United Kingdom,2017-03-26,2025-03-23,8
Greville Smyth Park junior parkrun,United Kingdom,2024-03-24,2025-03-23,1
Hucknall junior parkrun,United Kingdom,2016-03-27,2025-03-23,9
King’s Lynn junior parkrun,United Kingdom,2018-03-25,2025-03-23,7
"Nursery Drive junior parkrun, Ballinlough",Ireland,2023-03-26,2025-03-23,2
Par Track junior parkrun,United Kingdom,2019-03-24,2025-03-23,6
Pinehill junior parkrun,United Kingdom,2017-03-26,2025-03-23,8
Stonehouse junior parkrun,United Kingdom,2018-03-25,2025-03-23,7
Tooting Common junior parkrun,United Kingdom,2019-03-24,2025-03-23,6
Alderman Kneeshaw junior parkrun,United Kingdom,2019-03-31,2025-03-30,6
Harrow Lodge junior parkrun,United Kingdom,2014-03-30,2025-03-30,11
Newport junior parkrun,United Kingdom,2014-03-30,2025-03-30,11
Wimpole Estate junior parkrun,United Kingdom,2015-03-29,2025-03-30,10
Bangor junior parkrun,United Kingdom,2016-04-03,2025-04-06,9
Bushy junior parkrun,United Kingdom,2010-04-04,2025-04-06,15
Des Connor Park junior parkrun,Australia,2021-04-04,2025-04-06,4
Falinge Park junior parkrun,United Kingdom,2024-04-07,2025-04-06,1
Merthyr Leisure Village junior parkrun,United Kingdom,2024-04-07,2025-04-06,1
St Mary’s Campus junior parkrun,Ireland,2023-04-02,2025-04-06,2
Woodley junior parkrun,United Kingdom,2013-04-07,2025-04-06,12
Collett Park junior parkrun,United Kingdom,2019-04-14,2025-04-13,6
Faversham Recreation Ground junior parkrun,United Kingdom,2021-04-11,2025-04-13,4
Gedling junior parkrun,United Kingdom,2016-04-10,2025-04-13,9
Gorleston junior parkrun,United Kingdom,2016-04-10,2025-04-13,9
Lesnes Abbey Woods junior parkrun,United Kingdom,2015-04-12,2025-04-13,10
Millennium Green junior parkrun,United Kingdom,2021-04-11,2025-04-13,4
Osterley junior parkrun,United Kingdom,2017-04-09,2025-04-13,8
Widnes junior parkrun,United Kingdom,2017-04-09,2025-04-13,8
Clacton junior parkrun,United Kingdom,2018-04-15,2025-04-20,7
Desborough Green Space junior parkrun,United Kingdom,2019-04-21,2025-04-20,6
Helix junior parkrun,United Kingdom,2014-04-20,2025-04-20,11
Kilkenny Countryside Park junior parkrun,Ireland,2024-04-21,2025-04-20,1
Northampton Racecourse junior parkrun,United Kingdom,2021-04-18,2025-04-20,4
Peacehaven junior parkrun,United Kingdom,2017-04-16,2025-04-20,8
Tolson junior parkrun,United Kingdom,2016-04-17,2025-04-20,9
Waterworks junior parkrun,United Kingdom,2016-04-17,2025-04-20,9
Weymouth junior parkrun,United Kingdom,2017-04-16,2025-04-20,8
Balbriggan junior parkrun,Ireland,2017-04-23,2025-04-27,8
Berry Hill junior parkrun,United Kingdom,2024-04-28,2025-04-27,1
Burnham Riverside junior parkrun,United Kingdom,2022-04-24,2025-04-27,3
Cottenham Recreation Ground junior parkrun,United Kingdom,2022-04-24,2025-04-27,3
Cranbrook Country Park junior parkrun,United Kingdom,2019-04-28,2025-04-27,6
Friary Park junior parkrun,United Kingdom,2018-04-29,2025-04-27,7
Hutton Recreation Ground junior parkrun,United Kingdom,2023-04-23,2025-04-27,2
Inverleith junior parkrun,United Kingdom,2017-04-30,2025-04-27,8
"King GeorgeV Playing Field junior parkrun, MillEnd",United Kingdom,2023-04-23,2025-04-27,2
"Manor Park junior parkrun, Glossop",United Kingdom,2024-04-28,2025-04-27,1
Park Hill Recreation Ground junior parkrun,United Kingdom,2023-04-30,2025-04-27,2
Perth junior parkrun,United Kingdom,2016-04-24,2025-04-27,9
Peter Pan junior parkrun,United Kingdom,2017-04-30,2025-04-27,8
Salisbury Field junior parkrun,United Kingdom,2023-04-23,2025-04-27,2
The Old Rail Trail junior parkrun,Ireland,2023-04-23,2025-04-27,2
Verulamium junior parkrun,United Kingdom,2019-04-28,2025-04-27,6
Wakefield Thornes junior parkrun,United Kingdom,2018-04-29,2025-04-27,7
Wepre junior parkrun,United Kingdom,2024-04-28,2025-04-27,1
Aberystwyth junior parkrun,United Kingdom,2015-05-03,2025-05-04,10
Chelmsford junior parkrun,United Kingdom,2014-05-04,2025-05-04,11
Daventry Country Park junior parkrun,United Kingdom,2022-05-01,2025-05-04,3
GEC Rec junior parkrun,United Kingdom,2019-05-05,2025-05-04,6
Hogmoor Inclosure junior parkrun,United Kingdom,2019-05-05,2025-05-04,6
Leigh junior parkrun,United Kingdom,2019-05-05,2025-05-04,6
Prospect junior parkrun,United Kingdom,2024-05-05,2025-05-04,1
Comber junior parkrun,United Kingdom,2017-05-14,2025-05-11,8
Hafan Yr Afon junior parkrun,United Kingdom,2024-05-12,2025-05-11,1
Hilly Fields junior parkrun,United Kingdom,2015-05-10,2025-05-11,10
Lydiard junior parkrun,United Kingdom,2015-05-10,2025-05-11,10
Marple junior parkrun,United Kingdom,2014-05-11,2025-05-11,11
Netley Abbey junior parkrun,United Kingdom,2017-05-14,2025-05-11,8
Newark junior parkrun,United Kingdom,2018-05-13,2025-05-11,7
Pontypridd junior parkrun,United Kingdom,2018-05-13,2025-05-11,7
"Preston Park junior parkrun, Brighton",United Kingdom,2015-05-10,2025-05-11,10
"Queens Park junior parkrun, Crewe",United Kingdom,2021-05-09,2025-05-11,4
Rogiet junior parkrun,United Kingdom,2021-05-09,2025-05-11,4
Strathaven junior parkrun,United Kingdom,2024-05-12,2025-05-11,1
Uppermill junior parkrun,United Kingdom,2018-05-13,2025-05-11,7
Bloxwich junior parkrun,United Kingdom,2017-05-21,2025-05-18,8
Brockwell junior parkrun,United Kingdom,2014-05-18,2025-05-18,11
Crystal Palace junior parkrun,United Kingdom,2017-05-21,2025-05-18,8
Dinton Pastures junior parkrun,United Kingdom,2023-05-21,2025-05-18,2
Holmebrook Valley junior parkrun,United Kingdom,2024-05-19,2025-05-18,1
Huddersfield junior parkrun,United Kingdom,2014-05-18,2025-05-18,11
Mile End junior parkrun,United Kingdom,2014-05-18,2025-05-18,11
New Milton junior parkrun,United Kingdom,2018-05-20,2025-05-18,7
Northallerton junior parkrun,United Kingdom,2018-05-20,2025-05-18,7
Spencer Park junior parkrun,United Kingdom,2021-05-16,2025-05-18,4
Stowmarket Recreation Ground junior parkrun,United Kingdom,2022-05-15,2025-05-18,3
"Victoria junior parkrun, St Helens",United Kingdom,2021-05-16,2025-05-18,4
Barnstaple junior parkrun,United Kingdom,2018-05-27,2025-05-25,7
Battersea junior parkrun,United Kingdom,2024-05-26,2025-05-25,1
Betteshanger junior parkrun,United Kingdom,2016-05-29,2025-05-25,9
Bromley junior parkrun,United Kingdom,2015-05-31,2025-05-25,10
Calne Recreation Ground junior parkrun,United Kingdom,2022-05-29,2025-05-25,3
Carmarthen junior parkrun,United Kingdom,2016-05-22,2025-05-25,9
Cobh junior parkrun,Ireland,2018-05-27,2025-05-25,7
Community Park junior parkrun,United Kingdom,2022-05-29,2025-05-25,3
Dartford junior parkrun,United Kingdom,2016-05-22,2025-05-25,9
Great Cornard junior parkrun,United Kingdom,2016-05-29,2025-05-25,9
Hanworth junior parkrun,United Kingdom,2016-05-29,2025-05-25,9
Hereford Leisure Centre junior parkrun,United Kingdom,2022-05-29,2025-05-25,3
Killarney House junior parkrun,Ireland,2022-05-29,2025-05-25,3
Longrun Meadow junior parkrun,United Kingdom,2015-05-24,2025-05-25,10
Lusk Sports Hub junior parkrun,Ireland,2022-05-22,2025-05-25,3
Slades junior parkrun,United Kingdom,2021-05-23,2025-05-25,4
Stevenage junior parkrun,United Kingdom,2017-05-28,2025-05-25,8
Torvean junior parkrun,United Kingdom,2022-05-22,2025-05-25,3
Westerfolds junior parkrun,Australia,2018-05-27,2025-05-25,7
Weston-super-Mare junior parkrun,United Kingdom,2016-05-22,2025-05-25,9
Wisbech junior parkrun,United Kingdom,2018-05-27,2025-05-25,7
Albert College junior parkrun,Ireland,2016-06-05,2025-06-01,9
Barking junior parkrun,United Kingdom,2023-06-04,2025-06-01,2
Brayton Academy junior parkrun,United Kingdom,2021-06-06,2025-06-01,4
Cotlands Park junior parkrun,United Kingdom,2022-06-05,2025-06-01,3
"Queen’s Park junior parkrun, Rochdale",United Kingdom,2017-06-04,2025-06-01,8
Stokes Bay junior parkrun,United Kingdom,2017-06-04,2025-06-01,8
"The Mystery junior parkrun, Wavertree",United Kingdom,2019-06-02,2025-06-01,6
Woking junior parkrun,United Kingdom,2017-06-04,2025-06-01,8
Wotton Community PARC junior parkrun,United Kingdom,2021-06-06,2025-06-01,4
"Alexandra junior parkrun, Oldham",United Kingdom,2016-06-12,2025-06-08,9
Carlisle junior parkrun,United Kingdom,2016-06-12,2025-06-08,9
Dewsbury junior parkrun,United Kingdom,2015-06-14,2025-06-08,10
Fethard junior parkrun,Ireland,2024-06-09,2025-06-08,1
Horsforth Hall junior parkrun,United Kingdom,2022-06-12,2025-06-08,3
Jubilee junior parkrun,United Kingdom,2017-06-11,2025-06-08,8
Longford junior parkrun,Ireland,2017-06-11,2025-06-08,8
MacRosty junior parkrun,United Kingdom,2019-06-09,2025-06-08,6
Mallow Castle junior parkrun,Ireland,2023-06-11,2025-06-08,2
Pontefract junior parkrun,United Kingdom,2018-06-10,2025-06-08,7
"Riverside junior parkrun, St Neots",United Kingdom,2019-06-09,2025-06-08,6
The Station Yard junior parkrun,United Kingdom,2021-06-13,2025-06-08,4
Alyn Waters junior parkrun,United Kingdom,2018-06-17,2025-06-15,7
Colchester junior parkrun,United Kingdom,2016-06-19,2025-06-15,9
Great Wakering Rec junior parkrun,United Kingdom,2024-06-16,2025-06-15,1
Hoblingwell junior parkrun,United Kingdom,2019-06-16,2025-06-15,6
Milton Keynes junior parkrun,United Kingdom,2015-06-21,2025-06-15,10
Northala Fields junior parkrun,United Kingdom,2019-06-16,2025-06-15,6
Norton Common junior parkrun,United Kingdom,2023-06-18,2025-06-15,2
Ockwells junior parkrun,United Kingdom,2018-06-17,2025-06-15,7
Stirling junior parkrun,United Kingdom,2014-06-15,2025-06-15,11
Acton junior parkrun,United Kingdom,2017-06-25,2025-06-22,8
Aylesbury junior parkrun,United Kingdom,2015-06-28,2025-06-22,10
Cranleigh junior parkrun,United Kingdom,2018-06-24,2025-06-22,7
Gordon Park junior parkrun,United Kingdom,2023-06-25,2025-06-22,2
Kingsgrove Woodland junior parkrun,United Kingdom,2023-06-25,2025-06-22,2
Leavesden junior parkrun,United Kingdom,2017-06-25,2025-06-22,8
South Beach Estate junior parkrun,United Kingdom,2022-06-26,2025-06-22,3
Stratford-upon-Avon Rec junior parkrun,United Kingdom,2019-06-23,2025-06-22,6
Ballincollig Regional junior parkrun,Ireland,2019-06-30,2025-06-29,6
Little Stoke junior parkrun,United Kingdom,2014-06-29,2025-06-29,11
Malahide Castle junior parkrun,Ireland,2019-06-30,2025-06-29,6
"Queen’s Park junior parkrun, Brighton",United Kingdom,2024-06-30,2025-06-29,1
Knavesmire junior parkrun,United Kingdom,2016-07-03,2025-07-06,9
Phear Park junior parkrun,United Kingdom,2022-07-03,2025-07-06,3
Sandall Park junior parkrun,United Kingdom,2021-07-04,2025-07-06,4
Southern Town junior parkrun,United Kingdom,2024-07-07,2025-07-06,1
Ward End junior parkrun,United Kingdom,2022-07-03,2025-07-06,3
Wardown junior parkrun,United Kingdom,2018-07-01,2025-07-06,7
Winchester junior parkrun,United Kingdom,2016-07-03,2025-07-06,9
Bankton Mains Park junior parkrun,United Kingdom,2021-07-11,2025-07-13,4
Cambridge junior parkrun,United Kingdom,2014-07-13,2025-07-13,11
Great Denham junior parkrun,United Kingdom,2024-07-14,2025-07-13,1
Harold Park junior parkrun,United Kingdom,2024-07-14,2025-07-13,1
Lough Moss junior parkrun,United Kingdom,2018-07-08,2025-07-13,7
Medway junior parkrun,United Kingdom,2015-07-12,2025-07-13,10
Prestwick Oval junior parkrun,United Kingdom,2016-07-10,2025-07-13,9
Shipley Country junior parkrun,United Kingdom,2019-07-14,2025-07-13,6
The Waterfront junior parkrun,United Kingdom,2019-07-14,2025-07-13,6
Yeovil Rec junior parkrun,United Kingdom,2019-07-14,2025-07-13,6
Bromsgrove junior parkrun,United Kingdom,2014-07-20,2025-07-20,11
Cheddar junior parkrun,United Kingdom,2016-07-17,2025-07-20,9
Cliff Park junior parkrun,United Kingdom,2018-07-15,2025-07-20,7
Devonport junior parkrun,United Kingdom,2018-07-15,2025-07-20,7
Durham City junior parkrun,United Kingdom,2016-07-17,2025-07-20,9
Great Notley junior parkrun,United Kingdom,2015-07-19,2025-07-20,10
Levengrove junior parkrun,United Kingdom,2022-07-17,2025-07-20,3
London Fields junior parkrun,United Kingdom,2017-07-16,2025-07-20,8
Lordship Rec Ground junior parkrun,United Kingdom,2023-07-16,2025-07-20,2
Moormead junior parkrun,United Kingdom,2015-07-19,2025-07-20,10
Mowbray Park junior parkrun,United Kingdom,2023-07-16,2025-07-20,2
Portrush junior parkrun,United Kingdom,2015-07-19,2025-07-20,10
Salt Hill junior parkrun,United Kingdom,2019-07-21,2025-07-20,6
Telford junior parkrun,United Kingdom,2015-07-19,2025-07-20,10
"The Wirral Way junior parkrun, Parkgate",United Kingdom,2019-07-21,2025-07-20,6
Walton Park junior parkrun,Ireland,2024-07-21,2025-07-20,1
War Memorial Park junior parkrun,United Kingdom,2021-07-18,2025-07-20,4
West End junior parkrun,United Kingdom,2021-07-18,2025-07-20,4
West Lothian Cycle Circuit junior parkrun,United Kingdom,2023-07-16,2025-07-20,2
Wyre Forest junior parkrun,United Kingdom,2019-07-21,2025-07-20,6
Avenham Park junior parkrun,United Kingdom,2016-07-31,2025-07-27,9
Barshaw junior parkrun,United Kingdom,2018-07-22,2025-07-27,7
Bramley junior parkrun,United Kingdom,2016-07-31,2025-07-27,9
Burnley junior parkrun,United Kingdom,2016-07-24,2025-07-27,9
Cambourne junior parkrun,United Kingdom,2021-07-25,2025-07-27,4
Chichester junior parkrun,United Kingdom,2016-07-31,2025-07-27,9
Harlow junior parkrun,United Kingdom,2016-07-24,2025-07-27,9
Hesketh Park junior parkrun,United Kingdom,2024-07-28,2025-07-27,1
Hornfair Park junior parkrun,United Kingdom,2024-07-28,2025-07-27,1
Kellands Park junior parkrun,United Kingdom,2024-07-28,2025-07-27,1
Laleham junior parkrun,United Kingdom,2016-07-31,2025-07-27,9
Malvern Park junior parkrun,United Kingdom,2021-07-25,2025-07-27,4
Millfield junior parkrun,United Kingdom,2023-07-23,2025-07-27,2
Radnor Park junior parkrun,United Kingdom,2024-07-28,2025-07-27,1
Ryelands Park junior parkrun,United Kingdom,2022-07-24,2025-07-27,3
Seymour Park junior parkrun,United Kingdom,2018-07-29,2025-07-27,7
South Park junior parkrun,United Kingdom,2018-07-22,2025-07-27,7
The Great Field junior parkrun,United Kingdom,2022-07-24,2025-07-27,3
Tonbridge junior parkrun,United Kingdom,2017-07-23,2025-07-27,8
Vicarstown junior parkrun,Ireland,2017-07-30,2025-07-27,8
Wilton Park junior parkrun,United Kingdom,2022-07-24,2025-07-27,3
Winchcombe junior parkrun,United Kingdom,2024-07-28,2025-07-27,1
Wood Green junior parkrun,United Kingdom,2021-07-25,2025-07-27,4
Duloch junior parkrun,United Kingdom,2019-08-04,2025-08-03,6
Lea Bridges junior parkrun,United Kingdom,2019-08-04,2025-08-03,6
River Valley junior parkrun,Ireland,2022-08-07,2025-08-03,3
Wednesfield junior parkrun,United Kingdom,2015-08-02,2025-08-03,10
Barry junior parkrun,United Kingdom,2017-08-13,2025-08-10,8
Dromlena Lawn junior parkrun,Ireland,2023-08-13,2025-08-10,2
Eyemouth Primary Playing Fields junior parkrun,United Kingdom,2022-08-14,2025-08-10,3
Felixstowe Prom junior parkrun,United Kingdom,2019-08-11,2025-08-10,6
Hemlington Lake junior parkrun,United Kingdom,2016-08-14,2025-08-10,9
Lough Key junior parkrun,Ireland,2023-08-13,2025-08-10,2
Margate junior parkrun,United Kingdom,2016-08-14,2025-08-10,9
Ravenswood Primary School junior parkrun,United Kingdom,2023-08-13,2025-08-10,2
Redcar junior parkrun,United Kingdom,2016-08-14,2025-08-10,9
Whitley Bay junior parkrun,United Kingdom,2014-08-10,2025-08-10,11
"Alexandra junior parkrun, Moss Side",United Kingdom,2018-08-19,2025-08-17,7
Bretton Park junior parkrun,United Kingdom,2022-08-21,2025-08-17,3
Broadmeadow junior parkrun,United Kingdom,2018-08-19,2025-08-17,7
Dundalk IT junior parkrun,Ireland,2021-08-15,2025-08-17,4
Hillsborough junior parkrun,United Kingdom,2021-08-15,2025-08-17,4
"King George Playing Fields junior parkrun, Hull",United Kingdom,2021-08-15,2025-08-17,4
Millbank Boating Pond junior parkrun,United Kingdom,2022-08-21,2025-08-17,3
Oranmore junior parkrun,Ireland,2017-08-20,2025-08-17,8
Page Park junior parkrun,United Kingdom,2017-08-20,2025-08-17,8
Ringsend junior parkrun,Ireland,2021-08-15,2025-08-17,4
Wilmslow junior parkrun,United Kingdom,2015-08-16,2025-08-17,10
Beechpark junior parkrun,Ireland,2021-08-22,2025-08-24,4
Bridgend junior parkrun,United Kingdom,2015-08-23,2025-08-24,10
Cheltenham junior parkrun,United Kingdom,2015-08-23,2025-08-24,10
Clashduv junior parkrun,Ireland,2023-08-27,2025-08-24,2
Elder Park junior parkrun,United Kingdom,2021-08-22,2025-08-24,4
Guildford junior parkrun,United Kingdom,2015-08-23,2025-08-24,10
Kings Weston junior parkrun,United Kingdom,2015-08-23,2025-08-24,10
Play Close Park junior parkrun,United Kingdom,2022-08-28,2025-08-24,3
Riverside Gardens junior parkrun,United Kingdom,2021-08-22,2025-08-24,4
St Nicholas junior parkrun,United Kingdom,2021-08-22,2025-08-24,4
Haywards Heath junior parkrun,United Kingdom,2015-08-30,2025-08-31,10
Heavitree junior parkrun,United Kingdom,2015-08-30,2025-08-31,10
Surbiton junior parkrun,United Kingdom,2015-08-30,2025-08-31,10
Swadlincote junior parkrun,United Kingdom,2014-08-31,2025-08-31,11
Bodmin junior parkrun,United Kingdom,2017-09-03,2025-09-07,8
Boultham Park junior parkrun,United Kingdom,2024-09-01,2025-09-07,1
Cheshunt junior parkrun,United Kingdom,2017-09-03,2025-09-07,8
Cooper Park junior parkrun,United Kingdom,2023-09-03,2025-09-07,2
Duthie junior parkrun,United Kingdom,2017-09-03,2025-09-07,8
Evesham junior parkrun,United Kingdom,2017-09-03,2025-09-07,8
Padiham Greenway junior parkrun,United Kingdom,2019-09-01,2025-09-07,6
Peoples Park junior parkrun,United Kingdom,2021-09-05,2025-09-07,4
Plas Newydd junior parkrun,United Kingdom,2023-09-03,2025-09-07,2
Prestatyn Prom junior parkrun,United Kingdom,2018-09-02,2025-09-07,7
"Queen’s Parade junior parkrun, Aldershot",United Kingdom,2018-09-02,2025-09-07,7
Rutland Water junior parkrun,United Kingdom,2018-09-02,2025-09-07,7
Basingstoke junior parkrun,United Kingdom,2016-09-11,2025-09-14,9
Baxter Park junior parkrun,United Kingdom,2021-09-12,2025-09-14,4
Golden Valley Playing Field junior parkrun,United Kingdom,2023-09-10,2025-09-14,2
Heritage Park junior parkrun,Ireland,2018-09-09,2025-09-14,7
Leighton Buzzard junior parkrun,United Kingdom,2017-09-10,2025-09-14,8
Norris Green Park junior parkrun,United Kingdom,2024-09-08,2025-09-14,1
Peckham Rye junior parkrun,United Kingdom,2022-09-11,2025-09-14,3
Porthcawl Promenade junior parkrun,United Kingdom,2024-09-08,2025-09-14,1
Salford junior parkrun,United Kingdom,2016-09-11,2025-09-14,9
Shelbourne junior parkrun,Ireland,2018-09-09,2025-09-14,7
South Manchester junior parkrun,United Kingdom,2014-09-14,2025-09-14,11
Wirral Country Park junior parkrun,United Kingdom,2018-09-09,2025-09-14,7
Anchorsholme junior parkrun,United Kingdom,2021-09-19,2025-09-21,4
Furzefield Leisure Centre junior parkrun,United Kingdom,2023-09-17,2025-09-21,2
Horsham junior parkrun,United Kingdom,2017-09-17,2025-09-21,8
Hove Park junior parkrun,United Kingdom,2018-09-16,2025-09-21,7
King George junior parkrun,United Kingdom,2018-09-16,2025-09-21,7
Lake Meadows junior parkrun,United Kingdom,2019-09-15,2025-09-21,6
Stanley Park junior parkrun,United Kingdom,2016-09-18,2025-09-21,9
Torridge junior parkrun,United Kingdom,2014-09-21,2025-09-21,11
Ashlyns junior parkrun,United Kingdom,2019-09-29,2025-09-28,6
Beaumont Park junior parkrun,United Kingdom,2018-09-23,2025-09-28,7
Burslem Park junior parkrun,United Kingdom,2018-09-30,2025-09-28,7
Coldham’s Common junior parkrun,United Kingdom,2019-09-22,2025-09-28,6
Coronation Park junior parkrun,United Kingdom,2023-09-24,2025-09-28,2
Dukeries junior parkrun,United Kingdom,2019-09-29,2025-09-28,6
Edgbaston Reservoir junior parkrun,United Kingdom,2023-09-24,2025-09-28,2
Forster Memorial Park junior parkrun,United Kingdom,2023-09-24,2025-09-28,2
Ipswich junior parkrun,United Kingdom,2014-09-28,2025-09-28,11
Leatherhead junior parkrun,United Kingdom,2019-09-22,2025-09-28,6
Longton junior parkrun,United Kingdom,2018-09-23,2025-09-28,7
Musgrave junior parkrun,United Kingdom,2018-09-30,2025-09-28,7
Phoenix junior parkrun,United Kingdom,2019-09-22,2025-09-28,6
Saltwell junior parkrun,United Kingdom,2019-09-29,2025-09-28,6
"Stevens Park junior parkrun, Wollescote",United Kingdom,2018-09-30,2025-09-28,7
Stopline Way junior parkrun,United Kingdom,2022-09-25,2025-09-28,3
Temple Newsam junior parkrun,United Kingdom,2014-09-28,2025-09-28,11
Yatton Recreation junior parkrun,United Kingdom,2019-09-22,2025-09-28,6
Buckingham junior parkrun,United Kingdom,2015-10-04,2025-10-05,10
Pitshanger junior parkrun,United Kingdom,2014-10-05,2025-10-05,11
"Riverside junior parkrun, Ballymoney",United Kingdom,2018-10-07,2025-10-05,7
Savill Garden junior parkrun,United Kingdom,2012-10-07,2025-10-05,13
Waterlooville junior parkrun,United Kingdom,2015-10-04,2025-10-05,10
Whaley Bridge junior parkrun,United Kingdom,2015-10-04,2025-10-05,10
Aylestone junior parkrun,United Kingdom,2014-10-12,2025-10-12,11
Bryn Bach junior parkrun,United Kingdom,2016-10-09,2025-10-12,9
Houghton Hall junior parkrun,United Kingdom,2017-10-08,2025-10-12,8
Long Eaton junior parkrun,United Kingdom,2015-10-11,2025-10-12,10
Manor Park junior parkrun,United Kingdom,2015-10-11,2025-10-12,10
Milnrow Memorial Park junior parkrun,United Kingdom,2018-10-14,2025-10-12,7
Moira junior parkrun,United Kingdom,2015-10-11,2025-10-12,10
Roding Valley junior parkrun,United Kingdom,2018-10-14,2025-10-12,7
The Meadows junior parkrun,United Kingdom,2017-10-08,2025-10-12,8
"Victoria junior parkrun, Glasgow",United Kingdom,2014-10-12,2025-10-12,11
Waterloo Park junior parkrun,United Kingdom,2023-10-08,2025-10-12,2
Whitstable junior parkrun,United Kingdom,2014-10-12,2025-10-12,11
Ashford junior parkrun,United Kingdom,2015-10-18,2025-10-19,10
Breckland Leisure Centre junior parkrun,United Kingdom,2019-10-20,2025-10-19,6
Central Park junior parkrun,United Kingdom,2017-10-15,2025-10-19,8
Harcourt Hill junior parkrun,United Kingdom,2017-10-15,2025-10-19,8
Harrogate junior parkrun,United Kingdom,2015-10-18,2025-10-19,10
Hyde junior parkrun,United Kingdom,2017-10-15,2025-10-19,8
Kenton Rec junior parkrun,United Kingdom,2018-10-21,2025-10-19,7
Kesgrave junior parkrun,United Kingdom,2016-10-16,2025-10-19,9
Bailey junior parkrun,United Kingdom,2019-10-27,2025-10-26,6
Beacon junior parkrun,United Kingdom,2023-10-29,2025-10-26,2
Bury St Edmunds junior parkrun,United Kingdom,2016-10-23,2025-10-26,9
Clitheroe Castle junior parkrun,United Kingdom,2017-10-22,2025-10-26,8
Croyland Park junior parkrun,United Kingdom,2023-10-22,2025-10-26,2
Penallta junior parkrun,United Kingdom,2016-10-30,2025-10-26,9
"People’s Park junior parkrun, Halifax",United Kingdom,2022-10-30,2025-10-26,3
Rouken Glen junior parkrun,United Kingdom,2016-10-30,2025-10-26,9
Arklow Duck Pond junior parkrun,Ireland,2019-11-03,2025-11-02,6
Cowick Barton Playing Fields junior parkrun,United Kingdom,2024-11-03,2025-11-02,1
Gravesend junior parkrun,United Kingdom,2014-11-02,2025-11-02,11
Lloyd junior parkrun,United Kingdom,2016-11-06,2025-11-02,9
Loch Leven junior parkrun,United Kingdom,2017-11-05,2025-11-02,8
Pavilion Gardens junior parkrun,United Kingdom,2024-11-03,2025-11-02,1
Sedgefield junior parkrun,United Kingdom,2015-11-01,2025-11-02,10
Torbay Velopark junior parkrun,United Kingdom,2018-11-04,2025-11-02,7
Watermead Country Park junior parkrun,United Kingdom,2022-11-06,2025-11-02,3
Westside Playing Fields junior parkrun,Ireland,2021-11-07,2025-11-02,4
Wilson’s School junior parkrun,United Kingdom,2024-11-03,2025-11-02,1
Wyndham junior parkrun,United Kingdom,2019-11-03,2025-11-02,6
Battle Recreation Ground junior parkrun,United Kingdom,2023-11-12,2025-11-09,2
Beehive junior parkrun,United Kingdom,2016-11-13,2025-11-09,9
Castle Playing Fields junior parkrun,United Kingdom,2022-11-13,2025-11-09,3
"Central Park junior parkrun, Boston",United Kingdom,2021-11-14,2025-11-09,4
Clough Hall junior parkrun,United Kingdom,2019-11-10,2025-11-09,6
Cross Flatts junior parkrun,United Kingdom,2016-11-13,2025-11-09,9
Gadebridge Park junior parkrun,United Kingdom,2021-11-14,2025-11-09,4
Gang Warily junior parkrun,United Kingdom,2024-11-10,2025-11-09,1
Jordanstown junior parkrun,United Kingdom,2017-11-12,2025-11-09,8
Keswick junior parkrun,United Kingdom,2017-11-12,2025-11-09,8
Moors Valley junior parkrun,United Kingdom,2016-11-13,2025-11-09,9
Springburn junior parkrun,United Kingdom,2021-11-14,2025-11-09,4
Wicksteed junior parkrun,United Kingdom,2019-11-10,2025-11-09,6
Windmill Hill junior parkrun,United Kingdom,2015-11-08,2025-11-09,10
Albert Park junior parkrun,United Kingdom,2023-11-19,2025-11-16,2
Ballachulish Quarry junior parkrun,United Kingdom,2022-11-20,2025-11-16,3
Diglis Fields junior parkrun,United Kingdom,2023-11-19,2025-11-16,2
Goudhurst junior parkrun,United Kingdom,2014-11-16,2025-11-16,11
Graves junior parkrun,United Kingdom,2016-11-20,2025-11-16,9
Latchmere Rec junior parkrun,United Kingdom,2021-11-21,2025-11-16,4
Lovelace Primary School junior parkrun,United Kingdom,2023-11-19,2025-11-16,2
Markeaton junior parkrun,United Kingdom,2014-11-16,2025-11-16,11
Market Harborough junior parkrun,United Kingdom,2017-11-19,2025-11-16,8
Millhouses junior parkrun,United Kingdom,2024-11-17,2025-11-16,1
Sheffield Olympic Legacy Park junior parkrun,United Kingdom,2019-11-17,2025-11-16,6
"Victoria junior parkrun, Stretford",United Kingdom,2023-11-19,2025-11-16,2
Watton Sports Centre junior parkrun,United Kingdom,2024-11-17,2025-11-16,1
Belfast Victoria junior parkrun,United Kingdom,2016-11-27,2025-11-23,9
Forest Rec junior parkrun,United Kingdom,2017-11-26,2025-11-23,8
Iveagh Sports Ground junior parkrun,Ireland,2024-11-24,2025-11-23,1
King George V junior parkrun,United Kingdom,2019-11-24,2025-11-23,6
Larne junior parkrun,United Kingdom,2015-11-22,2025-11-23,10
Reigate Priory junior parkrun,United Kingdom,2017-11-26,2025-11-23,8
Roundhay junior parkrun,United Kingdom,2013-11-24,2025-11-23,12
Southampton junior parkrun,United Kingdom,2013-11-24,2025-11-23,12
Tyne Green junior parkrun,United Kingdom,2022-11-27,2025-11-23,3
"Victoria junior parkrun, Macclesfield",United Kingdom,2018-11-25,2025-11-23,7
"Victoria Park junior parkrun, Haslingden",United Kingdom,2023-11-26,2025-11-23,2
Barnsley junior parkrun,United Kingdom,2014-12-07,2025-12-07,11
Barrow junior parkrun,United Kingdom,2017-12-03,2025-12-07,8
Deerpark junior parkrun,Ireland,2017-12-03,2025-12-07,8
Fife Cycle Park junior parkrun,United Kingdom,2021-12-05,2025-12-07,4
King’s Park junior parkrun,United Kingdom,2024-12-01,2025-12-07,1
Marlay junior parkrun,Ireland,2017-12-03,2025-12-07,8
Nonsuch junior parkrun,United Kingdom,2015-12-06,2025-12-07,10
Thorndon junior parkrun,Australia,2020-12-06,2025-12-07,5
Tralee junior parkrun,Ireland,2016-12-04,2025-12-07,9
Warrington junior parkrun,United Kingdom,2015-12-06,2025-12-07,10
Witton Park junior parkrun,United Kingdom,2024-12-01,2025-12-07,1
Battery Park junior parkrun,United Kingdom,2019-12-08,2025-12-14,6
Billingham junior parkrun,United Kingdom,2017-12-10,2025-12-14,8
Boston Road Rec junior parkrun,United Kingdom,2019-12-08,2025-12-14,6
Conwy Nature Reserve junior parkrun,United Kingdom,2019-12-08,2025-12-14,6
"Dixton junior parkrun, Monmouth",United Kingdom,2019-12-08,2025-12-14,6
Florence Park junior parkrun,United Kingdom,2019-12-08,2025-12-14,6
"Queen’s Park junior parkrun, London",United Kingdom,2016-12-11,2025-12-14,9
Rush junior parkrun,Ireland,2015-12-13,2025-12-14,10
Spiceball Country Park junior parkrun,United Kingdom,2023-12-10,2025-12-14,2
Upton House junior parkrun,United Kingdom,2018-12-09,2025-12-14,7
Grange Paddocks junior parkrun,United Kingdom,2018-12-16,2025-12-21,7
Skelmersdale junior parkrun,United Kingdom,2016-12-18,2025-12-21,9
Pontypool junior parkrun,United Kingdom,2014-12-28,2025-12-28,11
Prudhoe Riverside junior parkrun,United Kingdom,2017-12-24,2025-12-28,8
"Churchill Gardens junior parkrun, Salisbury",United Kingdom,2019-01-06,2026-01-04,7
Derry City junior parkrun,United Kingdom,2018-01-07,2026-01-04,8
Katherine Warington School junior parkrun,United Kingdom,2024-01-07,2026-01-04,2
Kennington Park junior parkrun,United Kingdom,2022-01-02,2026-01-04,4
Maldon Prom junior parkrun,United Kingdom,2016-01-03,2026-01-04,10
Norfolk Heritage Park junior parkrun,United Kingdom,2024-01-07,2026-01-04,2
Victoria Jubilee junior parkrun,United Kingdom,2025-01-05,2026-01-04,1
Antrim Castle Gardens junior parkrun,United Kingdom,2024-01-14,2026-01-11,2
Bedford junior parkrun,United Kingdom,2017-01-08,2026-01-11,9
Belfast YMCA junior parkrun,United Kingdom,2024-01-14,2026-01-11,2
Bowling Park junior parkrun,United Kingdom,2025-01-12,2026-01-11,1
Bracknell junior parkrun,United Kingdom,2018-01-14,2026-01-11,8
Brumby Wood Rec Ground junior parkrun,United Kingdom,2020-01-12,2026-01-11,6
Cannock Chase Forest junior parkrun,United Kingdom,2019-01-13,2026-01-11,7
Ely Country junior parkrun,United Kingdom,2022-01-09,2026-01-11,4
Haulbowline Island junior parkrun,Ireland,2024-01-14,2026-01-11,2
North Marine junior parkrun,United Kingdom,2023-01-08,2026-01-11,3
Omagh Leisure Complex junior parkrun,United Kingdom,2024-01-14,2026-01-11,2
Riversley Park junior parkrun,United Kingdom,2023-01-08,2026-01-11,3
Saltaire junior parkrun,United Kingdom,2016-01-10,2026-01-11,10
Tilgate junior parkrun,United Kingdom,2017-01-08,2026-01-11,9
Washingbay Wetlands junior parkrun,United Kingdom,2024-01-14,2026-01-11,2
Blickling junior parkrun,United Kingdom,2022-01-16,2026-01-18,4
Clevedon Seafront junior parkrun,United Kingdom,2023-01-15,2026-01-18,3
Eynesbury Heritage Trail junior parkrun,Australia,2021-01-17,2026-01-18,5
Leyton Jubilee junior parkrun,United Kingdom,2019-01-20,2026-01-18,7
Mewsbrook junior parkrun,United Kingdom,2024-01-21,2026-01-18,2
NIAC junior parkrun,United Kingdom,2025-01-19,2026-01-18,1
Northlands junior parkrun,United Kingdom,2020-01-19,2026-01-18,6
Round Lake junior parkrun,United Kingdom,2024-01-21,2026-01-18,2
Southampton Common junior parkrun,United Kingdom,2022-01-16,2026-01-18,4
Whitelands Farm junior parkrun,United Kingdom,2020-01-19,2026-01-18,6
Wimbledon Park junior parkrun,United Kingdom,2014-01-19,2026-01-18,12
Beckenham Place junior parkrun,United Kingdom,2022-01-23,2026-01-25,4
Bognor Regis junior parkrun,United Kingdom,2017-01-22,2026-01-25,9
Bude Marshes junior parkrun,United Kingdom,2022-01-30,2026-01-25,4
Derby Park junior parkrun,United Kingdom,2020-01-26,2026-01-25,6
Drumpellier junior parkrun,United Kingdom,2020-01-26,2026-01-25,6
Eastney junior parkrun,United Kingdom,2015-01-25,2026-01-25,11
Herne Bay Memorial Park junior parkrun,United Kingdom,2022-01-23,2026-01-25,4
Hertford junior parkrun,United Kingdom,2018-01-28,2026-01-25,8
Mellowes Park junior parkrun,Ireland,2022-01-23,2026-01-25,4
Newbridge House junior parkrun,Ireland,2023-01-29,2026-01-25,3
Paddington Rec junior parkrun,United Kingdom,2019-01-27,2026-01-25,7
Rossmere junior parkrun,United Kingdom,2017-01-29,2026-01-25,9
Staveley junior parkrun,United Kingdom,2018-01-28,2026-01-25,8
Worthing Leisure Centre junior parkrun,United Kingdom,2020-01-26,2026-01-25,6
Forest of Dean junior parkrun,United Kingdom,2011-01-29,2026-01-31,15
Bray junior parkrun,Ireland,2017-02-05,2026-02-01,9
Caledonian junior parkrun,United Kingdom,2020-02-02,2026-02-01,6
Chippenham junior parkrun,United Kingdom,2016-02-07,2026-02-01,10
Gardenhurst Estate junior parkrun,United Kingdom,2020-02-02,2026-02-01,6
Halewood junior parkrun,United Kingdom,2025-02-02,2026-02-01,1
Hawkwell junior parkrun,United Kingdom,2018-02-04,2026-02-01,8
Park View junior parkrun,United Kingdom,2017-02-05,2026-02-01,9
Pinner Village Gardens junior parkrun,United Kingdom,2022-02-06,2026-02-01,4
Rushcliffe junior parkrun,United Kingdom,2014-02-02,2026-02-01,12
St Anne’s junior parkrun,Ireland,2017-02-05,2026-02-01,9
Sutton Lawn junior parkrun,United Kingdom,2020-02-02,2026-02-01,6
Wycombe Rye junior parkrun,United Kingdom,2017-02-05,2026-02-01,9
Belcamp junior parkrun,Ireland,2025-02-09,2026-02-08,1
Burgess junior parkrun,United Kingdom,2019-02-10,2026-02-08,7
Cardiff junior parkrun,United Kingdom,2015-02-08,2026-02-08,11
Mote Park junior parkrun,United Kingdom,2024-02-11,2026-02-08,2
Riverside junior parkrun,United Kingdom,2019-02-10,2026-02-08,7
Birchwood Leisure Centre junior parkrun,United Kingdom,2024-02-18,2026-02-15,2
Rockfield junior parkrun,Ireland,2020-02-16,2026-02-15,6
Worden Park junior parkrun,United Kingdom,2020-02-16,2026-02-15,6
Worksop College junior parkrun,United Kingdom,2019-02-17,2026-02-15,7
Bellevue Park junior parkrun,Australia,2021-02-28,2026-02-22,5
Bodington junior parkrun,United Kingdom,2018-02-25,2026-02-22,8
Cobb Gate junior parkrun,United Kingdom,2022-02-27,2026-02-22,4
Eltham junior parkrun,United Kingdom,2016-02-28,2026-02-22,10
Hinksley Park Recreation Ground junior parkrun,United Kingdom,2025-02-23,2026-02-22,1
Shrewsbury junior parkrun,United Kingdom,2017-02-26,2026-02-22,9
Town Moor junior parkrun,United Kingdom,2016-02-28,2026-02-22,10
Archerfield Walled Garden junior parkrun,United Kingdom,2022-03-06,2026-03-01,4
"Cannon Hill junior parkrun, Birmingham",United Kingdom,2016-03-06,2026-03-01,10
Dumfries junior parkrun,United Kingdom,2016-03-06,2026-03-01,10
Eastville junior parkrun,United Kingdom,2017-03-05,2026-03-01,9
Jacks Road junior parkrun,United Kingdom,2018-03-04,2026-03-01,8
Lutterworth Country Park junior parkrun,United Kingdom,2022-03-06,2026-03-01,4
Magherafelt junior parkrun,United Kingdom,2018-03-04,2026-03-01,8
Swansea Prom junior parkrun,United Kingdom,2020-03-01,2026-03-01,6
Andover junior parkrun,United Kingdom,2017-03-12,2026-03-08,9
Burrow’s Field junior parkrun,United Kingdom,2025-03-09,2026-03-08,1
Cherry Orchard junior parkrun,Ireland,2020-03-08,2026-03-08,6
Cleveragh junior parkrun,Ireland,2024-03-10,2026-03-08,2
Dowds Farm junior parkrun,United Kingdom,2020-03-08,2026-03-08,6
Enfield Town junior parkrun,United Kingdom,2020-03-08,2026-03-08,6
Figges Marsh junior parkrun,United Kingdom,2022-03-13,2026-03-08,4
Highbury Fields junior parkrun,United Kingdom,2015-03-08,2026-03-08,11
Horfield Common junior parkrun,United Kingdom,2024-03-10,2026-03-08,2
Lurgan junior parkrun,United Kingdom,2018-03-11,2026-03-08,8
Medina I.O.W junior parkrun,United Kingdom,2018-03-11,2026-03-08,8
Priory Park junior parkrun,United Kingdom,2018-03-11,2026-03-08,8
Ramsbottom junior parkrun,United Kingdom,2018-03-11,2026-03-08,8
Swanscombe Heritage Park junior parkrun,United Kingdom,2024-03-10,2026-03-08,2
Bath Odd Down junior parkrun,United Kingdom,2017-03-19,2026-03-15,9
Cassiobury junior parkrun,United Kingdom,2023-03-19,2026-03-15,3
Eaton junior parkrun,United Kingdom,2015-03-15,2026-03-15,11
Lyme Valley Parkway junior parkrun,United Kingdom,2025-03-16,2026-03-15,1
Mildenhall Hub junior parkrun,United Kingdom,2023-03-19,2026-03-15,3
Norfolk Road Playing Fields junior parkrun,United Kingdom,2024-03-17,2026-03-15,2
"Queen’s Park junior parkrun, Bolton",United Kingdom,2016-03-20,2026-03-15,10
Rosehill Victoria junior parkrun,United Kingdom,2022-03-20,2026-03-15,4
